Workbook

Sheet 1
B2: Payment Certificate
B4: Company Name | D4: Ambika Metal | H4: Invoice No. | J4: 22
B5: Vendor Name | D5: Umeshbhai
B6: To, Tanvi Infrcon, Revanta Project | H6: Date - | I6: 45311
B7: Type of Work - | D7: Fabrication with material work | H7: Bill Date | I7: 45304
B8: Type of Contract - | D8: Fabrication with material work
B9: Payment Details
B10: Sr. No. | C10: Items | F10: % of Work Completed | G10: Qty | H10: Unit | I10: Rate/ Flat | J10: Amount
B11: 1 | C11: Kitchen Angle Supply work | F11: 1 | G11: 144 | H11: Nos. | I11: 339 | J11: =F11*I11*G11 -> 48816
C12: Total Bill Amount | J12: =SUM(J11:J11) -> 48816 | M12: =J12+'2'!J13+'2'!J14+'2'!J15+'3'!J13+'3'!J14+'3'!J15+'3'!J16 -> 438021.13 | O12: =G11+#REF!+#REF!+#REF!+#REF!+#REF!+#REF!+#REF! -> #REF!
C13: CGST @ 9% | J13: =J12*9% -> 4393.44
C14: SGST @ 9% | J14: =J12*9% -> 4393.44
J16: =J12+J14+J13 -> 57602.88
C17: Fifty Seven Thousand Six Hundred Three Only
C18: Advance Payment | J18: 0
C19: Retention @ 5% to be deducted | J19: 0
C20: Balance Payment to be paid | J20: =J16 -> 57602.88
B22: TDS will be deducted as per applicable rules at your end
B27: Approved By -

Sheet 2
B2: Payment Certificate
B4: Company Name | D4: Ambika Metal | H4: Invoice No. | J4: 13
B5: Vendor Name | D5: Umeshbhai
B6: To, Tanvi Infrcon, Revanta Project | H6: Date - | I6: 45562
B7: Type of Work - | D7: Fabrication with material work | H7: Bill Date | I7: 45560
B8: Type of Contract - | D8: Fabrication with material work
B9: Payment Details
B10: Sr. No. | C10: Items | F10: % of Work Completed | G10: Qty | H10: Unit | I10: Rate/ Flat | J10: Amount
B11: 1 | C11: Balcony Railing (16'-0") (12 Nos.) | F11: 1 | G11: =12*16 -> 192 | H11: R.ft. | I11: 1250 | J11: =F11*I11*G11 -> 240000 | L11: =G11+'3'!G11+'3'!G12+'2'!G11+'2'!G12 -> 1062
B12: 2 | C12: Balcony Railing (20'-3") (12 Nos.) | F12: 1 | G12: =12*20.25 -> 243 | H12: Nos. | I12: 1250 | J12: =F12*I12*G12 -> 303750
B13: 3 | C13: AC Stand D & E Building (18.10 of 24 Nos.) | F13: 1 | G13: =18.1*24 -> 434.4 | H13: Nos. | I13: 115 | J13: =F13*I13*G13 -> 49956
B14: 4 | C14: AC Stand D & E Building (19.65 of 24 Nos.) | F14: 1 | G14: =19.625*24 -> 471 | H14: Nos. | I14: 115 | J14: =F14*I14*G14 -> 54165 | L14: =SUM(G13:G15)+'3'!G13+'3'!G14+'3'!G15 -> 1351.39
B15: 5 | C15: AC Stand D & E Building (14.25 of 24 Nos.) | F15: 1 | G15: =14.25*24 -> 342 | H15: Nos. | I15: 115 | J15: =F15*I15*G15 -> 39330
C16: Total Bill Amount | J16: =SUM(J11:J15) -> 687201 | O16: =G15+#REF!+#REF!+#REF!+#REF!+#REF!+#REF!+#REF! -> #REF!
C17: CGST @ 9% | J17: =J16*9% -> 61848.09
C18: SGST @ 9% | J18: =J16*9% -> 61848.09
J20: =J16+J18+J17 -> 810897.18
C21: Eight Lakh Ten Thousand Eight Hundred Ninty Seven Only
C22: Advance Payment | J22: 0
C23: Retention @ 5% to be deducted | J23: 0
C24: Balance Payment to be paid | J24: =J20 -> 810897.18
B26: TDS will be deducted as per applicable rules at your end
B31: Approved By -

Sheet 3
B2: Payment Certificate
B4: Company Name | D4: Ambika Metal | H4: Invoice No. | J4: 14
B5: Vendor Name | D5: Umeshbhai
B6: To, Tanvi Infrcon, Revanta Project | H6: Date - | I6: 45562
B7: Type of Work - | D7: Fabrication with material work | H7: Bill Date | I7: 45562
B8: Type of Contract - | D8: Fabrication with material work
B9: Payment Details
B10: Sr. No. | C10: Items | F10: % of Work Completed | G10: Qty | H10: Unit | I10: Rate/ Flat | J10: Amount
B11: 1 | C11: Balcony Railing (16'-0") (12 Nos.) | F11: 1 | G11: =12*16 -> 192 | H11: R.ft. | I11: 1250 | J11: =F11*I11*G11 -> 240000
B12: 2 | C12: Balcony Railing (20'-3") (12 Nos.) | F12: 1 | G12: =12*20.25 -> 243 | H12: Nos. | I12: 1250 | J12: =F12*I12*G12 -> 303750
B13: 3 | C13: AC Stand D & E Building (18.10 of 2 Nos.) | F13: 1 | G13: =18.1*2 -> 36.2 | H13: Nos. | I13: 115 | J13: =F13*I13*G13 -> 4163
B14: 4 | C14: AC Stand D & E Building (19.65 of 2 Nos.) | F14: 1 | G14: =19.645*2 -> 39.29 | H14: Nos. | I14: 115 | J14: =F14*I14*G14 -> 4518.35
B15: 5 | C15: AC Stand D & E Building (14.25 of 2 Nos.) | F15: 1 | G15: =14.25*2 -> 28.5 | H15: Nos. | I15: 115 | J15: =F15*I15*G15 -> 3277.5
B16: 6 | C16: AC Stand C Building (19.55 of 104 Nos.) | F16: 1 | G16: =104*19.5481 -> 2033.0024 | H16: Nos. | I16: 115 | J16: =F16*I16*G16 -> 233795.28
C17: Total Bill Amount | J17: =SUM(J11:J16) -> 789504.13 | O17: =G16+#REF!+#REF!+#REF!+#REF!+#REF!+#REF!+#REF! -> #REF!
C18: CGST @ 9% | J18: =J17*9% -> 71055.371
C19: SGST @ 9% | J19: =J17*9% -> 71055.371
J21: =J17+J19+J18 -> 931614.87
C22: Nine Lakh Thirty One Thousand Six Hundred Fifteen Only
C23: Advance Payment | J23: 0
C24: Retention @ 5% to be deducted | J24: 0
C25: Balance Payment to be paid | J25: =J21 -> 931614.87
B27: TDS will be deducted as per applicable rules at your end
B32: Approved By -

Sheet 4
B2: Payment Certificate
B4: Company Name | D4: Ambika Metal | H4: Invoice No. | J4: 16
B5: Vendor Name | D5: Umeshbhai
B6: To, Tanvi Infrcon, Revanta Project | H6: Date - | I6: 45628
B7: Type of Work - | D7: Fabrication with material work | H7: Bill Date | I7: 45621
B8: Type of Contract - | D8: Fabrication with material work
B9: Payment Details
B10: Sr. No. | C10: Items | F10: % of Work Completed | G10: Qty | H10: Unit | I10: Rate/ Flat | J10: Amount
B11: 1 | C11: Balcony Railing (28'-6") (12 Nos.) | F11: 1 | G11: 342 | H11: R.ft. | I11: 1250 | J11: =F11*I11*G11 -> 427500 | L11: =G11+'3'!G11+'3'!G12+'2'!G11+'2'!G12 -> 1212 | M11: =J16+(('3'!J11+'3'!J12)*18%+(('3'!J11+'3'!J12))+(('2'!J11+'2'!J12)*18%+('2'!J11+'2'!J12))) -> 1787700
C12: Total Bill Amount | J12: =SUM(J11:J11) -> 427500 | M12: =150000*18%+150000 -> 177000 | O12: =#REF!+#REF!+#REF!+#REF!+#REF!+#REF!+#REF!+#REF! -> #REF!
C13: CGST @ 9% | J13: =J12*9% -> 38475
C14: SGST @ 9% | J14: =J12*9% -> 38475
J16: =J12+J14+J13 -> 504450
C17: Five Lakh Four Thousand Four Hundred Fifty Only
C18: Advance Payment | J18: 0
C19: Retention @ 5% to be deducted | J19: 0
C20: Balance Payment to be paid | J20: =J16 -> 504450
B22: TDS will be deducted as per applicable rules at your end
B27: Approved By -

Sheet 5
B2: Payment Certificate
B4: Company Name | D4: Ambika Metal | H4: Invoice No. | J4: 18
B5: Vendor Name | D5: Umeshbhai
B6: To, Tanvi Infrcon, Revanta Project | H6: Date - | I6: 45666
B7: Type of Work - | D7: Fabrication with material work | H7: Bill Date | I7: 45666
B8: Type of Contract - | D8: Fabrication with material work
B9: Payment Details
B10: Sr. No. | C10: Items | F10: % of Work Completed | G10: Qty | H10: Unit | I10: Rate/ Flat | J10: Amount
B11: 1 | C11: M.S. Railing for Staircase (Tower D & E) | F11: 1 | G11: 2 | H11: Nos. | I11: 175000 | J11: =F11*I11*G11 -> 350000
C12: Total Bill Amount | J12: =SUM(J11:J11) -> 350000
C13: CGST @ 9% | J13: =J12*9% -> 31500
C14: SGST @ 9% | J14: =J12*9% -> 31500
J16: =J12+J14+J13 -> 413000
C17: Four Lakh Thirteen Thousand Only
C18: Advance Payment | J18: 0
C19: Retention @ 5% to be deducted | J19: 0
C20: Balance Payment to be paid | J20: =J16 -> 413000
B22: TDS will be deducted as per applicable rules at your end
B27: Approved By -

Sheet 6
B2: Payment Certificate
B4: Company Name | D4: Ambika Metal | H4: Invoice No. | J4: 2
B5: Vendor Name | D5: Umeshbhai
B6: To, Tanvi Infrcon, Revanta Project | H6: Date - | I6: 45804
B7: Type of Work - | D7: Fabrication with material work | H7: Bill Date | I7: 45803
B8: Type of Contract - | D8: Fabrication with material work
B9: Payment Details
B10: Sr. No. | C10: Items | F10: % of Work Completed | G10: Qty | H10: Unit | I10: Rate/ Flat | J10: Amount
B11: 1 | C11: M.S. Railing for Staircase (Tower A & B) | F11: 1 | G11: 2 | H11: Nos. | I11: 175000 | J11: =F11*I11*G11 -> 350000
B12: 2 | C12: Trench Frame Basement | F12: 1 | G12: 479.43 | H12: Kg | I12: 110 | J12: =F12*I12*G12 -> 52737.3
C13: Total Bill Amount | J13: =SUM(J11:J12) -> 402737.3
C14: CGST @ 9% | J14: =J13*9% -> 36246.357
C15: SGST @ 9% | J15: =J13*9% -> 36246.357
J17: =J13+J15+J14 -> 475230.01
C18: Four Lakh Seventy Five Thousand Two Hundred Thirty Only
C19: Advance Payment | J19: 0
C20: Retention @ 5% to be deducted | J20: 0
C21: Balance Payment to be paid | J21: =J17 -> 475230.01
B23: TDS will be deducted as per applicable rules at your end
B28: Approved By -
